{
    "args": {
        "address": {},
        "assert_contracts": null,
        "build_only": false,
        "bytecode_jsons": null,
        "bytecode_spec": null,
        "cache": "Devcon6",
        "check_args": false,
        "cloud": null,
        "coinbaseMode": false,
        "contracts": [
            "Devcon6Mock"
        ],
        "debug": null,
        "debug_topics": false,
        "delay_fetch_output_seconds": null,
        "disableLocalTypeChecking": false,
        "disable_auto_cache_key_gen": false,
        "env": "production",
        "expected_file": "expected.json",
        "file_paths": [
            "contracts/mocks/Devcon6Mock.sol"
        ],
        "file_to_contract": {
            "contracts/mocks/Devcon6Mock.sol": "Devcon6Mock"
        },
        "files": [
            "contracts/mocks/Devcon6Mock.sol"
        ],
        "internal_funcs": null,
        "jar": null,
        "java_args": null,
        "key": "887758c5e0934dfe5d4d78d1ef38e0b31c557458",
        "link": null,
        "local": false,
        "log_branch": null,
        "log_query_frequency_seconds": null,
        "loop_iter": "8",
        "max_attempts_to_fetch_output": null,
        "max_graph_depth": null,
        "max_poll_minutes": null,
        "method": null,
        "mode": "Mode.CONF",
        "msg": null,
        "multi_assert_check": false,
        "no_compare": false,
        "optimistic_loop": true,
        "optimize": null,
        "packages": [
            "@ethereum-waffle/chai=/Users/jakub/git/devcon-raffle/packages/contracts/node_modules/@ethereum-waffle/chai",
            "@nomiclabs/hardhat-ethers=/Users/jakub/git/devcon-raffle/packages/contracts/node_modules/@nomiclabs/hardhat-ethers",
            "@nomiclabs/hardhat-waffle=/Users/jakub/git/devcon-raffle/packages/contracts/node_modules/@nomiclabs/hardhat-waffle",
            "@openzeppelin/contracts=/Users/jakub/git/devcon-raffle/packages/contracts/node_modules/@openzeppelin/contracts",
            "@typechain/ethers-v5=/Users/jakub/git/devcon-raffle/packages/contracts/node_modules/@typechain/ethers-v5",
            "@types/chai=/Users/jakub/git/devcon-raffle/packages/contracts/node_modules/@types/chai",
            "@types/mocha=/Users/jakub/git/devcon-raffle/packages/contracts/node_modules/@types/mocha",
            "@types/write-file-atomic=/Users/jakub/git/devcon-raffle/packages/contracts/node_modules/@types/write-file-atomic",
            "@typescript-eslint/eslint-plugin=/Users/jakub/git/devcon-raffle/packages/contracts/node_modules/@typescript-eslint/eslint-plugin",
            "@typescript-eslint/parser=/Users/jakub/git/devcon-raffle/packages/contracts/node_modules/@typescript-eslint/parser",
            "chai=/Users/jakub/git/devcon-raffle/packages/contracts/node_modules/chai",
            "dotenv=/Users/jakub/git/devcon-raffle/packages/contracts/node_modules/dotenv",
            "eslint-plugin-no-only-tests=/Users/jakub/git/devcon-raffle/packages/contracts/node_modules/eslint-plugin-no-only-tests",
            "eslint=/Users/jakub/git/devcon-raffle/packages/contracts/node_modules/eslint",
            "ethereum-waffle=/Users/jakub/git/devcon-raffle/packages/contracts/node_modules/ethereum-waffle",
            "ethers=/Users/jakub/git/devcon-raffle/packages/contracts/node_modules/ethers",
            "hardhat-gas-reporter=/Users/jakub/git/devcon-raffle/packages/contracts/node_modules/hardhat-gas-reporter",
            "hardhat-typechain=/Users/jakub/git/devcon-raffle/packages/contracts/node_modules/hardhat-typechain",
            "hardhat=/Users/jakub/git/devcon-raffle/packages/contracts/node_modules/hardhat",
            "mocha=/Users/jakub/git/devcon-raffle/packages/contracts/node_modules/mocha",
            "prettier-plugin-solidity=/Users/jakub/git/devcon-raffle/packages/contracts/node_modules/prettier-plugin-solidity",
            "prettier=/Users/jakub/git/devcon-raffle/packages/contracts/node_modules/prettier",
            "prettylint=/Users/jakub/git/devcon-raffle/packages/contracts/node_modules/prettylint",
            "solhint=/Users/jakub/git/devcon-raffle/packages/contracts/node_modules/solhint",
            "ts-node=/Users/jakub/git/devcon-raffle/packages/contracts/node_modules/ts-node",
            "tsconfig-paths=/Users/jakub/git/devcon-raffle/packages/contracts/node_modules/tsconfig-paths",
            "typechain=/Users/jakub/git/devcon-raffle/packages/contracts/node_modules/typechain",
            "typescript=/Users/jakub/git/devcon-raffle/packages/contracts/node_modules/typescript",
            "write-file-atomic=/Users/jakub/git/devcon-raffle/packages/contracts/node_modules/write-file-atomic"
        ],
        "packages_path": "/Users/jakub/git/devcon-raffle/packages/contracts/node_modules",
        "path": "/Users/jakub/git/devcon-raffle/packages/contracts/contracts",
        "process": "emv",
        "queue_wait_minutes": null,
        "rule": null,
        "rule_sanity": false,
        "send_only": false,
        "settings": [
            "-assumeUnwindCond",
            "-b=8",
            "-ciMode=true"
        ],
        "short_output": true,
        "smt_timeout": null,
        "solc": "/Users/jakub/Library/Python/3.8/bin/solc",
        "solc_args": null,
        "solc_map": null,
        "spec_files": [
            "spec/Devcon6.spec"
        ],
        "staging": null,
        "struct_link": null,
        "tool_output": null,
        "typecheck_only": false,
        "user_defined_cache": true,
        "verified_contract_files": [
            "contracts/mocks/Devcon6Mock.sol"
        ],
        "verify": [
            "Devcon6Mock:spec/Devcon6.spec"
        ]
    },
    "branch": "fv/double-winner",
    "conf": {
        "cache": "Devcon6",
        "files": [
            "contracts/mocks/Devcon6Mock.sol"
        ],
        "loop_iter": "8",
        "optimistic_loop": true,
        "process": "emv",
        "short_output": true,
        "user_defined_cache": true,
        "verify": [
            "Devcon6Mock:spec/Devcon6.spec"
        ]
    },
    "cwd_relative": "packages/contracts",
    "dirty": true,
    "origin": "git@github.com:TrueFiEng/devcon-raffle.git",
    "raw_args": [
        "/Users/jakub/Library/Python/3.8/bin/certoraRun",
        "spec/Devcon6.conf"
    ],
    "revision": "0377f22dbdcd2d6efd7331f760d74156f4abb52c",
    "timestamp": "1652955763.18385"
}